Gene names,F1,F2,Category
FOXA1,6.271127701,2.032501221,NA
KMT2D,6.053113937,6.68870608,General
TFAP2C,6.001197179,6.250241597,NA
ARID1B,5.880346298,6.225798925,General
PRR12,5.712416967,6.441666285,NA
PIAS3,5.345484416,5.182229996,General
IRX4,5.081327438,5.629553477,NA
BCOR,4.819023768,5.737635295,General
PHF21A,4.587567012,5.343529383,NA
TCF20,4.445734024,5.176596324,NA
JMJD1C,4.3371919,4.692526499,General
NCOR1,4.253364563,5.226998011,General
EP300,4.238875707,4.800065994,General
FBRS,4.213761648,4.929789861,NA
NCOR2,4.080492655,4.590267181,General
CIC,4.040390015,4.312117894,NA
GRHL1,3.984584808,4.579538345,Lineage Specific
SRSF10,3.905834198,1.5693868,NA
ZBTB20,3.874093374,4.530312856,NA
ZNF362,3.78595988,3.918432236,NA
PIAS1,3.768798192,4.567329407,General
ZNF217,3.767201742,4.444183985,NA
MLH1,3.73450915,3.669684092,NA
NCOA2,3.669610977,4.356812795,General
MAML1,3.64176178,4.13004748,NA
BCL6,3.622018814,3.474899292,NA
GATA2,3.568675359,4.183731715,Lineage Specific
SEC24D,3.517213821,3.254092534,NA
SKI,3.504492442,3.399080276,NA
ZNF384,3.499161402,3.960322062,NA
TET2,3.455032984,3.434614817,NA
TBX3,3.443622589,3.754924138,NA
AR,3.355484009,4.549882889,Lineage Specific
ZHX2,3.35410881,4.651161194,NA
PITX1,3.326438904,4.067745209,NA
ELMSAN1,3.236001968,4.661689758,NA
CASZ1,3.232498805,3.801914851,NA
ARID1A,3.224240621,3.577371597,General
ILKAP;ILKAP3,3.160012563,2.105353673,NA
GSE1,3.059089661,4.219120661,NA
FOXK1,3.005155563,3.651748657,NA
HIVEP1,2.946959813,3.530017853,NA
CHD6,2.911579768,3.723203659,NA
PIAS2,2.843491872,2.895034154,NA
TLE3,2.823539098,3.707190832,NA
ZBTB42,2.771910985,3.276485443,NA
NFIA,2.755893071,2.465368907,NA
KDM6A,2.722021103,3.522598902,NA
AHDC1,2.69629542,3.118700027,NA
MYT1,2.669987996,3.759211858,NA
FOXP1,2.638608932,2.761948268,NA
CUX1,2.630584717,2.43366305,NA
ZBTB9,2.605454127,2.493508657,NA
SOX2;SOX21;SOX1;SOX3,2.581760406,2.807116826,NA
SMARCA2,2.557713826,2.546519597,General
RREB1,2.541528066,2.873610179,NA
MYBL2,2.540891012,2.750710169,General
CREB1;CREM,2.506598155,2.20320638,NA
HYOU1,2.396149953,2.319802602,NA
LIN9,2.372623444,2.907375971,NA
NR2C2,2.325187047,2.451986313,NA
DDX19A;DDX19B,2.261840185,1.563070933,NA
ZNF281,2.254568736,2.826141357,NA
TFAP4,2.249340057,0.452378591,NA
PHF12,2.183481852,2.532211939,NA
FOXP4,2.18279012,1.392672857,NA
NACC1,2.166674932,2.240486145,NA
HOXB13,2.162390391,2.999668757,Lineage Specific
HOXC9;HOXB9;HOXD9,2.156243006,2.732933044,NA
ATF7,2.149798711,2.416249593,NA
CAND1,2.148085276,3.182399114,NA
TRPS1,2.140038808,2.142266591,NA
KIFC1,2.129550934,2.388039271,NA
DPF2,2.119292577,2.765920639,NA
LIN54,2.104151408,2.03573672,NA
SLFN5,2.081821442,0.130283991,NA
CEBPB,2.068261464,1.902839661,NA
ZHX3,2.051263809,2.368469238,NA
PTGES3,2.004727046,1.497568766,NA
RAB2A;RAB2B,1.990144094,-2.442146301,NA
ZNF24,1.974746068,3.081373851,NA
HTATSF1,1.974737803,2.857163111,NA
MED13,1.973075231,3.417744319,NA
UFD1L,1.969578425,1.955294927,NA
ZKSCAN4,1.936168671,1.526929855,NA
RFX5,1.929599762,2.024271011,NA
ZFHX3,1.91070048,2.861019135,NA
RBPJ,1.895154953,2.61431694,NA
NIPBL,1.893196742,3.258609772,NA
TUBG1;TUBG2,1.891798655,2.109927495,NA
BACH1,1.8860569,0.943617503,NA
GLTSCR1L,1.882659276,2.302952449,NA
RAB18,1.826421102,1.889746984,NA
TEAD1,1.780054092,2.278151194,NA
UBN2,1.777268092,2.206061045,NA
COPG2,1.774821599,2.058977763,NA
PPIL2,1.772042592,2.100923538,NA
PRDM2,1.739854177,1.857167562,NA
YY2;YY1;ZFP42,1.723911921,2.259709676,NA
DNM2,1.720439275,1.964443207,NA
ATN1,1.706863403,2.280342738,NA
ZBTB33,1.698886236,2.580441157,NA
GLTSCR1,1.698838552,2.440577189,NA
JUND,1.68998909,2.035669327,NA
CLTCL1,1.689813614,1.634610494,NA
RNF213,1.688545227,1.714654287,NA
TNRC18,1.684590658,3.309981664,NA
WIZ,1.666814804,2.395547231,NA
EXOSC8,1.659697851,2.357586543,NA
GRHL2,1.651356379,1.772012075,Lineage Specific
SAP130,1.650639216,2.356508255,NA
SIX5,1.646345139,1.944321314,NA
S100A2,1.638989766,2.473574956,NA
IQGAP1,1.623896281,1.131247838,NA
KIF4A,1.620421092,2.523844401,NA
MEF2D,1.607851028,1.898088455,NA
PRKCD,1.591023127,1.196696599,NA
BAHCC1,1.590475082,3.655017217,NA
PPP2R2A;PPP2R2D,1.588873545,1.577782949,NA
C9orf114,1.585943858,-0.446146011,NA
NTPCR,1.581466675,1.249485652,NA
GLUD1;GLUD2,1.568854014,0.860481898,NA
PFKL,1.560714722,2.3981088,NA
SNRPC,1.511713664,2.162184397,NA
NFIC,1.50149854,1.781783422,NA
ERP44,1.469264348,1.65954717,NA
LAMTOR4,1.465663274,1.166315079,NA
SSR3,1.465183894,0.994126002,NA
ATP11A,1.462705612,2.336544037,NA
7-Sep,1.459240595,1.520271301,NA
KAT7,1.443695704,1.36051623,NA
SRCAP,1.433983485,1.688262939,NA
AP1M2,1.433826447,0.639001846,NA
MAX,1.411043803,0.637110392,NA
ETF1,1.40590477,1.596748988,NA
SMARCE1,1.400569916,1.687613169,NA
ZNF512B,1.400137583,2.423305511,NA
,1.397504807,3.145921071,NA
SEC24C,1.390375137,1.33358256,NA
CHD8,1.369565964,1.502598445,NA
MED14,1.364392598,1.621454239,NA
ACSL3,1.359484355,1.396079381,NA
PSMC5,1.356430689,1.353053411,NA
TMEM165,1.341612498,0.882323583,NA
DHX40,1.333403905,2.416692098,NA
C2orf47,1.330984116,0.995762507,NA
GPR179,1.328837077,0.009372075,NA
ZNF609,1.326363246,2.463939667,NA
SBDS,1.322620392,2.625476201,NA
CSTB,1.319220861,0.424069722,NA
ZBTB39,1.317572276,1.525496165,NA
ESRP1,1.313561757,1.350020727,NA
ACTR2,1.308492025,1.417687098,NA
HSP90B1,1.301849365,1.640357971,NA
UBN1,1.298723221,2.272672017,NA
EXOC4,1.280043284,2.106719971,NA
EIF3L,1.271143595,0.973758698,NA
ACBD3,1.266656876,1.059157054,NA
USP11,1.258111954,2.413967133,NA
BMI1;COMMD3-BMI1,1.256159465,1.892692566,NA
MLEC,1.247608185,1.315895716,NA
TM9SF2,1.246482213,0.806748708,NA
SMARCC2,1.240942001,1.531698227,NA
CENPC,1.239991506,1.356435776,NA
EHF,1.23793602,1.484409968,NA
SEC23B,1.237213771,1.106238047,NA
EIF2AK2,1.236950556,1.181844711,NA
USMG5,1.232297262,1.339201609,NA
DNTTIP1,1.231117884,2.089162191,NA
DHRS13,1.223061879,1.319274267,NA
ZNF174,1.221949259,1.761056264,NA
GATAD2A,1.207410177,1.815525691,NA
STAG1;DKFZp781D1416,1.205186208,1.159425735,NA
RAI1,1.204593023,1.128236771,NA
ZNF148,1.20446078,1.904660543,NA
GNL3L,1.194646835,1.032314936,NA
ZNF462,1.193790436,1.618022283,NA
VEZF1,1.18271637,2.016995748,NA
KDELR2,1.177631378,0.889939626,NA
OAS3,1.169346491,2.823270798,NA
HIVEP2,1.168371836,1.292547862,NA
CHD7,1.165763855,0.778494517,NA
PIGQ,1.160168966,0.939159393,NA
CTBP2,1.156804403,1.522125244,NA
RAE1,1.147642771,1.548511505,NA
SEC61B,1.147602081,1.711287181,NA
HLTF,1.145395915,1.435276667,NA
CKMT1A;CKMT1B,1.140406926,1.136315028,NA
DNAJA1,1.121294657,1.23296992,NA
RCOR1,1.09326299,1.729206085,NA
PELO,1.083817164,0.741181056,NA
ZNF292,1.081354777,2.247318268,NA
GTF2A1,1.078952789,0.875123342,NA
DIS3,1.071947734,1.22622172,NA
ATL3,1.068396886,1.339136759,NA
KLK7,1.062225342,0.01639239,NA
ZMYM1,1.053428014,0.593196869,NA
2-Sep,1.052745819,2.200670242,NA
NME1,1.047302246,1.518604914,NA
DYNC1H1,1.047101339,1.124866486,NA
BRD4,1.045578003,1.810077031,NA
CEP112,1.042355855,1.723122915,NA
ERCC4,1.042212168,1.07823499,NA
MED15,1.041659673,2.03853035,NA
MYO1B,1.04082044,-0.2511247,NA
GATAD2B,1.040400823,1.518252691,NA
BRD7,1.039396922,1.79034996,NA
EIF3D,1.038097382,1.211829503,NA
COPG1,1.03654925,0.957622528,NA
MAGEA4;MAGEA10,1.03390948,1.379531225,NA
TRIM24,1.033164342,1.533958435,Lineage Specific
DRG1,1.029758453,1.312952677,NA
NFXL1,1.024882634,1.286305745,NA
CCT3,1.024507523,1.516977946,NA
PEX3,1.013439814,-0.010688782,NA
APOD,1.008206685,0.598065694,NA
RPS17,1.007873535,-0.655965169,NA
PDIA3,1.007478078,1.938872019,NA
ALG3,1.006239573,0.60643959,NA
STAG2,1.002155304,1.205669403,NA
MED12;TNRC11,0.986678441,1.472597758,NA
ASCC3,0.982175191,0.831139882,NA
9-Sep,0.973806381,0.952285131,NA
SLC35B2,0.973477681,0.803263982,NA
PDIA5,0.968992869,0.984275182,NA
SURF6,0.953001022,-0.935799281,NA
CDS2,0.950146993,1.653470357,NA
FARSA,0.947177887,1.56199646,NA
RAVER1,0.942966461,1.667907715,NA
ARF4,0.940291723,0.556091309,NA
TCP1,0.937639872,1.428110758,NA
SMARCD2,0.935568492,0.78289477,NA
5-Mar,0.92737325,0.869028727,NA
DCAF7,0.927113215,1.04477183,NA
H1FX,0.925856272,-0.37442716,NA
COL1A1,0.923798243,1.163469315,NA
GTPBP8,0.921140671,1.075425466,NA
SMC2,0.918571472,0.313375473,NA
NPLOC4,0.918017069,2.507951736,NA
TRA2A,0.914459864,1.404584885,NA
GRB10,0.911070506,2.593465805,NA
CDC42,0.908274968,0.875790278,NA
LRIF1,0.89271609,1.643163045,NA
EPC1,0.891573588,1.538655599,NA
COPB1,0.889908473,0.758739471,NA
SRP68,0.883979162,0.894060135,NA
PHC3,0.883245468,1.401440303,NA
PRKACB;PRKACA,0.876713435,0.826313655,NA
ARHGAP23,0.873755773,1.335894903,NA
RBM33,0.872367223,3.876935959,NA
CKAP5,0.865846634,0.50561142,NA
NFRKB,0.858551661,1.901578903,NA
SMC5,0.856688182,1.086581548,NA
CCT4,0.851474762,1.391525269,NA
PHC1,0.84915034,1.595472336,NA
ATP6V0D1,0.840527852,0.741965612,NA
THOC3,0.837024053,1.30888621,NA
NSD1,0.834730784,1.412456512,NA
ABHD12,0.830053965,1.809019089,NA
MLLT6,0.82886378,1.966327667,NA
CLTA,0.82763799,0.203692118,NA
SPTLC1,0.826751073,0.741805394,NA
PDIA6,0.826080958,0.720232646,NA
LENG8,0.823699315,1.209332784,NA
AP1S1,0.823631922,0.61464564,NA
VRK2,0.821930567,0.804294586,NA
MGA,0.819829305,0.330112457,NA
MAN1A2,0.818559011,0.984364192,NA
ZFPL1,0.817904154,0.925853729,NA
SPCS2,0.815759659,0.40655454,NA
SMARCC1,0.812481562,1.431833903,NA
CCT6A,0.809943517,1.959248861,NA
PHIP,0.807729085,1.193737666,NA
COPB2,0.803770065,1.103650411,NA
RECQL,0.799562454,1.475909551,NA
ACTL6A,0.792540232,1.73854955,NA
ZBTB7B,0.791653315,1.307287852,NA
PI4KA,0.788130442,1.493443807,NA
EEF1G,0.773626963,0.937325795,NA
HCFC2,0.769704183,0.980389913,NA
TUBA4A,0.759961446,1.344768524,NA
CDK13,0.757568359,0.729527791,NA
MPG,0.757075628,1.343553543,NA
ELOVL1,0.753848394,0.854469299,NA
CTBP1,0.746958415,1.220998764,NA
COPA,0.741006851,0.637947083,NA
CAPN1,0.73747762,0.74742953,NA
NELFB,0.737321854,0.630448659,NA
HSPA6;HSPA7,0.737094879,0.965771993,NA
HIRA,0.736337026,0.8469944,NA
EXOSC2,0.735014598,0.818141301,NA
VPS35,0.730967204,0.98480161,NA
ZMYM2,0.7306633,1.299917221,NA
FADS2,0.730335236,1.101124446,NA
SLC27A4,0.729390462,0.712073644,NA
AP1G1,0.728449504,0.390429179,NA
GTF2I,0.725976944,1.461565653,NA
EEF1A2,0.725597382,1.34078153,NA
KRT76,0.724837621,-0.337194443,NA
CLN6,0.717209498,0.59120814,NA
RCC2,0.709003448,1.294526418,NA
ARL1,0.70284462,0.579682668,NA
TUBB8,0.700468063,0.659279505,NA
ZNF644,0.697202047,1.991975784,NA
ATP5B,0.696814219,-0.04655838,NA
RBM47,0.695475896,1.271099726,NA
ARCN1,0.693752289,0.717914581,NA
C5orf24,0.69025294,1.220347087,NA
KDM1A,0.681048075,1.167022705,NA
SPATA7,0.679340998,0.131928762,NA
C19orf52,0.677906672,0.189350764,NA
LRBA,0.677765528,1.773604711,NA
ZHX1,0.676909765,2.402647018,NA
ANXA7,0.676596959,0.616107941,NA
CPNE3,0.671257655,0.551180522,NA
RTCB,0.66686058,0.425506592,NA
TMEM256,0.665348053,0.431442897,NA
ARPC1A;ARPC1B,0.664456685,1.113201777,NA
QARS,0.663291931,0.798749924,NA
FLII,0.661181132,-0.039543152,NA
ELOVL5,0.660629908,0.219942729,NA
EMC8,0.658917745,0.487002691,NA
SNX27,0.658762614,1.395560582,NA
PRPS1;PRPS1L1;PRPS2,0.656668345,0.935777028,NA
PLK1,0.655192057,0.760725657,NA
CNNM4,0.654632568,0.764624914,NA
PRRC2B,0.651896795,1.118471146,NA
MAZ,0.651758194,0.591639837,NA
MTA3,0.651615143,1.460849762,NA
PAXIP1,0.650931676,1.867261251,NA
TFAP2D,0.640783946,0.920226415,NA
LCN1,0.638782501,-0.596258799,NA
CYFIP1,0.638353348,0.790186564,NA
LCOR,0.63499705,3.470430374,NA
PHF2,0.634200414,1.687629064,NA
SMARCD3,0.633721034,2.293223699,NA
ESYT2,0.630524317,0.465545019,NA
INTS9,0.630350113,0.863077164,NA
TAF4,0.625983556,1.592625936,NA
ANXA1,0.625619253,0.356205622,NA
ERMP1,0.624729156,1.12694486,NA
TMED7-TICAM2;TMED7,0.623922348,0.991207759,NA
SEC22B,0.622929891,0.394500097,NA
RPA1,0.619777044,0.883917491,NA
SRBD1,0.615336736,0.793570201,NA
KDELR1,0.613425573,0.488548915,NA
ZMYM4,0.602149328,0.877187729,NA
,0.597319921,-0.140639623,NA
ZNF397,0.597209295,-2.083548864,NA
LPCAT3,0.596382141,0.390061061,NA
SFN,0.59125646,0.000761032,NA
DAD1,0.589359283,0.603144964,NA
PSMC1,0.587844849,1.398055394,NA
TMEM33,0.582646052,0.306031545,NA
EP400,0.580802917,0.765783946,NA
YWHAE,0.578978221,0.735029856,NA
CCNB1,0.578603109,0.988577525,NA
RPL35A,0.57855924,0.365852356,NA
DTX3L,0.577215195,0.002106984,NA
EIF2B3,0.575157166,0.915987651,NA
MECP2,0.573184967,1.22864151,NA
TWISTNB,0.571700414,0.955106099,NA
RAB21,0.570962906,0.61549441,NA
EIF4A1,0.570742925,0.466871897,NA
SUMO3;SUMO2;SUMO4,0.570474625,1.532162984,NA
TCF25,0.569581985,0.314984004,NA
ARID2,0.563209534,0.786075592,NA
TADA1,0.560975393,0.53361702,NA
DNAJC13,0.558255514,1.075127284,NA
ARF1;ARF3;ARF5,0.556488673,0.663264592,NA
ICT1,0.54943339,-0.889341354,NA
WDR5,0.548185349,1.048295975,NA
EWSR1,0.542577744,0.333660126,NA
EEFSEC,0.531375885,0.713979721,NA
SEC13,0.530732473,1.004991531,NA
ERGIC1,0.530138016,0.626346588,NA
EIF3F,0.526597977,0.600852966,NA
SMARCA4,0.525204341,0.717485428,NA
MED17,0.524725596,0.449732463,NA
EIF2B5,0.523707072,0.867637634,NA
MPHOSPH8,0.522964478,1.181143443,NA
MOGS,0.522530874,-0.109846115,NA
AURKB,0.521954854,0.889778773,NA
RAB6B;RAB6A;RAB39A,0.521773656,0.599719365,NA
TRIM25,0.518426259,0.77386411,NA
MYL12A;MYL12B,0.51601855,0.531247457,NA
SRPRB,0.513558706,0.655816396,NA
SMCHD1,0.510009766,0.508576075,NA
GRWD1,0.506819407,1.058695475,NA
IMP3,0.506022135,0.425231934,NA
DHX8,0.504876455,0.670654933,NA
RANBP6,0.502990087,0.077323278,NA
PLCB4,0.502672195,0.500270844,NA
CWC15,0.499783198,-0.326136907,NA
SLC35B1,0.496706645,0.130118052,NA
IARS,0.496319453,0.530728658,NA
THEM6,0.493960698,2.308540344,NA
EEF2,0.493325551,0.471471786,NA
COPE,0.49236234,1.7227904,NA
CEPT1,0.490414302,-0.664592743,NA
PA2G4,0.488400141,1.50017039,NA
EIF2S1,0.48437055,0.685241063,NA
RARS,0.474494934,0.594395955,NA
SMC4,0.470880508,0.305358887,NA
NOMO1,0.466830571,0.697821299,NA
TUBB,0.462842306,0.829680761,NA
CLTC,0.461385727,0.522605896,NA
RPL28,0.461196899,0.31903712,NA
OSBPL8,0.46052297,0.368069331,NA
PNPLA6,0.460098267,0.007516225,NA
CNP,0.459684372,-0.618792852,NA
UHRF2,0.459253947,1.171585719,NA
ACTR3,0.457684835,1.40480868,NA
NLE1,0.457209905,0.474178314,NA
MBOAT7,0.456230164,0.450321833,NA
MIOS,0.456055959,0.312296549,NA
EXOSC1,0.451511383,0.295033137,NA
LPCAT1,0.450034459,1.137213389,NA
TAF6L,0.446771622,0.934794108,NA
EEF1A1;EEF1A1P5,0.44661204,0.372090022,NA
ATP5C1,0.445979436,-0.264762243,NA
HACD3,0.445135752,0.189213435,NA
PSMB2,0.442395528,0.998924255,NA
INTS10,0.441744486,0.683469137,NA
MBOAT2,0.441630681,0.258399328,NA
ADNP,0.441202164,1.258445104,NA
ABCC1,0.441188176,0.934394836,NA
DDX1,0.4402167,0.449027379,NA
YTHDC2,0.439094543,0.612990697,NA
CYB5R1,0.439085642,0.483517965,NA
AP1B1,0.437602997,0.184309642,NA
RP2,0.43428421,1.266736984,NA
ATP5A1,0.432971319,-0.175195058,NA
INCENP,0.432863235,0.753260295,NA
RBM4,0.432707469,0.949568431,NA
APOBEC3B;bK150C2.9;APOBEC3D,0.431748072,0.226008097,NA
FNDC3A,0.429985682,1.013008118,NA
ATP5F1,0.428811391,0.008727392,NA
TBL1XR1;TBL1X;TBL1Y,0.42852656,1.996179581,NA
RPL37A,0.428373337,0.522924423,NA
CMAS,0.426968257,0.993737539,NA
WRNIP1,0.425014496,0.618918101,NA
DHCR7,0.420740763,0.04766655,NA
STXBP3,0.420180639,0.283236821,NA
EIF3A,0.416676839,0.498662313,NA
RPL21,0.414519628,-0.0158933,NA
FAM83D,0.412573497,0.698833466,NA
DECR2,0.411917369,0.268200556,NA
CBX4,0.409249624,0.529845556,NA
EIF3E,0.407059987,0.285448074,NA
TMED10,0.406386058,0.129323324,NA
KAT5,0.405327479,0.687041601,NA
HBB,0.404718399,0.274110158,NA
EMC1,0.404377619,0.586675644,NA
RPN2,0.403312047,0.510458628,NA
EIF5A;EIF5A2;EIF5AL1,0.398643494,0.596107483,NA
AIMP2,0.397651037,0.349269231,NA
MED23,0.394402822,0.35243988,NA
GCN1L1,0.39246877,0.735064189,NA
NCLN,0.391159693,0.433264414,NA
EMC4,0.391145706,-0.688402176,NA
HNRNPUL1,0.391138077,0.706273397,NA
DEGS1,0.388839086,0.232779185,NA
PWP1,0.386687597,0.709828695,NA
ATP5O,0.385072072,-0.140134811,NA
PREB,0.384340922,-0.146860123,NA
SPCS3,0.380981445,0.371619542,NA
FN1,0.380311966,-2.534098943,NA
ZBTB37,0.376801809,0.79058075,NA
TMEM214,0.375587463,1.740209579,NA
ACTR1A,0.374814987,0.112570445,NA
RPL13A;RPL13a,0.371692657,0.328157425,NA
RPS27L,0.370981216,0.145381927,NA
RPL18A,0.370560328,0.170859019,NA
RPL19,0.368811289,0.268534978,NA
KPNA1,0.365270615,0.356567383,NA
TM9SF1,0.364586512,0.338972727,NA
MYH14,0.362588247,0.599472046,NA
THOC1,0.36113294,1.176791509,NA
ERLIN2,0.360521952,0.628464381,NA
RAB35,0.359194438,0.672054291,NA
MOV10,0.357658386,0.074226379,NA
SURF4,0.356154124,0.440745036,NA
BBX,0.355689367,0.442548752,NA
PAXBP1,0.355413437,0.423416138,NA
DNMT1,0.354265213,0.599875132,NA
WBSCR16,0.3540802,1.54679362,NA
EIF2A,0.354041417,0.965920766,NA
APPL2,0.352880478,0.627363841,NA
SIN3A,0.351830165,0.341417313,NA
FANCI,0.351111094,0.18175443,NA
EIF4E,0.350986481,0.314722697,NA
FBLL1,0.350547791,0.289398193,NA
ASUN,0.34865125,0.904506048,NA
PSPC1,0.346345266,0.968437831,NA
MMRN2,0.345369975,0.415983836,NA
ATP2A2,0.342765172,0.1908137,NA
HBS1L,0.342084885,0.478071213,NA
ING3,0.34206454,0.618307749,NA
BARD1,0.341925939,0.885166804,NA
RPN1,0.340494156,0.41246287,NA
CSNK2A1;CSNK2A3,0.340174357,1.127363205,NA
PCNA,0.339808782,0.837795893,NA
DDOST,0.337984085,0.390914281,NA
FXR1,0.336348852,0.217205683,NA
CPSF7,0.333745321,0.989720662,NA
TUBA1B,0.332468033,0.801121394,NA
EIF5B,0.331033071,0.155509949,NA
KIF20A,0.330803553,0.645854314,NA
RPL7,0.329024633,-0.061897278,NA
MYH10,0.327354431,0.282393773,NA
DARS,0.326365789,0.609464645,NA
CTCF,0.325579961,1.010849635,NA
SLC30A7,0.325184504,0.14105924,NA
RPS23,0.322432836,0.490270615,NA
MYL6,0.322224935,0.647534688,NA
MINA,0.319812775,0.743731817,NA
TM9SF3,0.319523493,0.291830063,NA
AHCYL1;AHCYL2,0.318569183,0.944784164,NA
RPL31,0.318447113,0.502086004,NA
SEMG1,0.316762924,2.783041636,NA
PSMA5,0.315404256,0.627061208,NA
EIF3B,0.314082464,0.315895716,NA
RPL18,0.313732147,0.062907537,NA
NDC1,0.312830607,1.53341802,NA
LTF,0.312028885,0.181166967,NA
UBAC2,0.305523554,0.436237335,NA
PRKDC,0.303184509,0.431537628,NA
URB2,0.302475611,0.493426005,NA
SPEN,0.301026026,0.958250682,NA
CDK9,0.300595601,0.523841858,NA
PHF5A,0.298988978,0.47600619,NA
GNB2L1,0.297630946,0.447212219,NA
KIF22,0.297593435,0.672157923,NA
SLC4A1AP,0.297159831,0.283603668,NA
RPL36A;RPL36A-HNRNPH2;RPL36AL,0.296264648,-0.738417943,NA
PBRM1,0.293181737,0.504926682,NA
BUB3,0.292080561,0.718903859,NA
ABCC4,0.291360219,0.743492762,NA
VARS,0.29130427,0.195126216,NA
RAD21,0.289840062,0.483124415,NA
RAB14,0.288616816,0.355667114,NA
NSUN5;NSUN5P2,0.288155238,0.635475159,NA
SCFD1,0.286258062,0.524171829,NA
HSPA5,0.285106023,0.429733276,NA
THOC5,0.282452265,0.637126287,NA
EIF2S3;EIF2S3L,0.279858907,0.611703873,NA
FEN1,0.279219945,0.503794352,NA
PHF6,0.27804629,0.524734497,NA
XRCC5,0.277739207,0.454839706,NA
LARS,0.277369181,0.57006518,NA
ATP13A1,0.276794434,0.281109492,NA
RAB5C,0.276058197,0.342067719,NA
RPRD1B,0.273742676,0.317486445,NA
TPX2,0.272460938,0.477108637,NA
RPS20,0.271849314,0.248339335,NA
ALG6,0.269702276,0.715662003,NA
EPRS,0.268642426,0.349024455,NA
HM13,0.267985662,-0.109720866,NA
ANXA11,0.267845154,0.53006808,NA
POGZ,0.267468135,0.385490417,NA
GPR126,0.26740392,-0.002106349,NA
CUL1,0.267024358,0.646385829,NA
EIF3C;EIF3CL,0.264883677,0.322984695,NA
1-Mar,0.264876048,0.388453166,NA
SEC61A1,0.264329274,0.106818517,NA
CRNKL1,0.264226278,0.953170141,NA
CHD2,0.263441086,0.12456131,NA
RAB8A;RAB8B;RAB13,0.262566884,0.44242541,NA
RPS6,0.262163162,-0.145867666,NA
HSP90AB1,0.261062622,0.391013463,NA
WDR74,0.260641098,0.794665019,NA
TUBB4B;TUBB4A,0.260226568,0.675987879,NA
EMSY;C11orf30,0.259279887,0.803154627,NA
INTS6,0.257294973,1.305179596,NA
MYO6,0.254487991,-0.266871134,NA
RPL10,0.254442215,0.188176473,NA
RPL27A,0.254285812,0.248355865,NA
HELLS,0.253845851,-0.100482305,NA
DAZAP1,0.253266652,0.447503408,NA
PRSS3,0.252027512,1.231903076,NA
RPS8,0.250716527,0.264527003,NA
LRRC47,0.250208537,0.982647578,NA
AP2S1,0.249751409,0.531235377,NA
DNAJA2,0.249048233,0.970251083,NA
PTDSS1,0.248657227,0.194121679,NA
PRCC,0.247089386,0.780364354,NA
MTA2,0.246854782,0.38278834,NA
DHCR24,0.246781031,0.399112066,NA
PDS5A,0.24299113,0.603033702,NA
TBL2,0.238728841,0.070784251,NA
HDAC2,0.238402685,0.47223409,NA
KIF2A,0.237942378,0.726334254,NA
RPS9,0.237878799,0.147927602,NA
UQCRFS1;UQCRFS1P1,0.23770841,0.006098429,NA
HIP1R,0.233258565,-0.615294139,NA
HNRNPLL;HNRPLL,0.233041128,0.633375804,NA
ATP6V0A1,0.230302811,0.055649439,NA
LRRC8D,0.22910436,-0.031329473,NA
RFC3,0.228997548,0.293738683,NA
UFL1,0.227463404,0.148358027,NA
P4HB,0.22669665,0.948359172,NA
SEC16A,0.226037343,0.393487295,NA
API5,0.225636164,0.206309636,NA
XPC,0.224149068,0.319894155,NA
ABCF1,0.221928279,-0.522259394,NA
KHSRP,0.221213023,0.551344554,NA
INTS4,0.221048355,0.634283066,NA
RPS28,0.21970431,0.14339002,NA
CLP1,0.21891276,0.58528773,NA
SMC3,0.218278249,0.353057226,NA
TECR,0.217845917,0.153842926,NA
NUP43,0.217391332,0.584550222,NA
METAP1,0.217149099,1.529801051,NA
PCID2,0.216370265,1.297637939,NA
CSTF1,0.212505976,0.352916082,NA
YWHAZ,0.210857391,0.782595317,NA
CHD4,0.210116069,0.399681091,NA
RPL5,0.208026886,0.436746597,NA
ARID5B,0.207181931,3.118845622,NA
PPAPDC2,0.207056681,0.023880641,NA
PRKRA,0.206108093,0.556381861,NA
TMEM209,0.206097921,0.054110209,NA
RSL24D1,0.20201683,1.05475235,NA
RFC5,0.20177714,0.354262034,NA
ATP5H,0.201332092,-0.184214274,NA
TRRAP,0.199455897,0.180757523,NA
PGRMC1,0.197479248,0.508825302,NA
SKP1,0.195850372,0.540522893,NA
SEC63,0.195152283,0.09503746,NA
NME1-NME2;NME2;NME2P1,0.194985708,0.626338959,NA
LAMP2,0.194471995,0.438810984,NA
PRPF19,0.192529043,0.403417587,NA
PRMT1,0.190518697,0.905302048,NA
RAB10,0.190511703,0.389149348,NA
FARSB,0.190050761,0.117933909,NA
RTF1,0.18938446,1.160511017,NA
EIF4A3,0.188831965,0.47440656,NA
MTA1,0.181674957,0.597223918,NA
RPS11,0.181349436,0.143149694,NA
HMGB1;HMGB1P1,0.180456797,1.825368245,NA
VWA9,0.178898493,0.411001841,NA
TMEM201,0.178345362,0.388270696,NA
NUP210,0.1782945,0.517473221,NA
SIN3B,0.17760404,0.480664571,NA
RPL3,0.175104141,0.112791061,NA
RFC2,0.1731294,0.208993276,NA
S100A16,0.172392527,0.281101863,NA
XRCC6,0.172258377,0.329806646,NA
NUP155,0.170906067,0.364943186,NA
RPL11,0.170577367,0.505647659,NA
RPL26;RPL26L1,0.170202255,0.157729467,NA
DHX36,0.168688456,0.612447103,NA
RPS14,0.165325801,0.297393799,NA
LUC7L2;C7orf55,0.162574768,0.209288279,NA
PURA,0.162528356,0.021929423,NA
IMP4,0.16197141,0.229135513,NA
RPLP0;RPLP0P6,0.161572774,0.365072886,NA
SATB2;SATB1,0.160894394,0.824713389,NA
USP10,0.156193415,-0.314277649,NA
ITPR1,0.156046549,0.706190109,NA
SYNE1,0.155728022,0.34851265,NA
MRPS17;hCG_1984214,0.154726028,0.04810969,NA
TIAL1,0.154174169,0.392105738,NA
RPL8,0.153178533,0.168385188,NA
WHSC1,0.151913961,-0.096704483,NA
WDR82,0.151524862,0.521958033,NA
DOCK7,0.151421865,0.154437383,NA
PTPRF,0.150741577,0.120741526,NA
RPL29,0.150501887,-0.02677091,NA
BRD1,0.146999359,0.219174703,NA
STT3A,0.146095912,0.151208878,NA
RPS26;RPS26P11,0.14574496,0.250163396,NA
SQRDL,0.145558675,-1.112239838,NA
FAF2,0.144850413,0.396428426,NA
SUPT5H,0.144496918,0.379662832,NA
NUDT21,0.143119176,1.512049993,NA
AAAS,0.142567317,0.552488963,NA
SYNGR2,0.141228358,-0.4903965,NA
PDCD6IP,0.13816007,0.183254242,NA
MARS,0.138135274,0.448133469,NA
INTS3,0.13646698,0.327008565,NA
RPL36,0.135327657,0.150274277,NA
NSF,0.134187063,0.310750326,NA
RPL38,0.131738663,0.357552846,NA
RPS12,0.131423314,0.367431005,NA
RPL34,0.128451029,0.235989253,NA
RFX7,0.12501208,0.131676356,NA
SF3B3,0.12485822,0.445225398,NA
TMX2,0.123867671,0.33303833,NA
TIMM23B;TIMM23,0.122956594,-0.045870463,NA
CSTF3,0.121230443,0.190640132,NA
RBBP4,0.120670319,0.651427587,NA
SUPT16H,0.119639715,0.094278971,NA
RPS18,0.118397395,0.303322474,NA
IPO5,0.117732366,1.094148636,NA
TOMM70A,0.117645899,0.499452591,NA
RNF169,0.116746267,1.638232549,NA
VRK1,0.115769704,1.306697845,NA
NCKAP1,0.1155955,0.266501109,NA
NHP2L1,0.115532557,0.335981369,NA
MAGOHB;MAGOH,0.115517934,0.466304779,NA
LGALS7,0.115233103,-0.305875142,NA
SSR4,0.115216573,-0.075746536,NA
PSMB3,0.114298503,0.226666133,NA
USP7,0.114057541,0.308038712,NA
SF1,0.114021301,0.963592529,NA
PPP2R1A,0.111602783,0.383090973,NA
AP2B1,0.111484528,0.369188309,NA
HDAC1,0.11136055,0.266139984,NA
UPF1,0.111358007,0.401837031,NA
INO80,0.111223221,0.51252683,NA
RBBP7,0.110899607,0.728254318,NA
UTP11L,0.110835393,0.268404007,NA
TRIM33,0.11046346,2.239575068,NA
PDS5B,0.108878454,0.510625203,NA
CTNNB1,0.106933594,0.036782583,NA
RPS21,0.10686938,0.376421611,NA
SUPT20H,0.10657692,1.756853104,NA
SMARCB1,0.106177012,0.373567581,NA
CDC40,0.104590734,0.503737132,NA
ORC3,0.104380925,0.451615016,NA
RPSA,0.101151148,0.24651591,NA
RBM5,0.10107549,0.744505564,NA
IQGAP3,0.099113464,-0.112951279,NA
PHGDH,0.09849294,0.379858653,NA
ITPR3,0.098436991,-0.330708186,NA
ZNF207,0.097710292,0.772650401,NA
CNOT1,0.0952034,0.218500137,NA
RPL13,0.094407399,0.245134989,NA
SRSF1,0.091989517,-0.38844045,NA
DEFA3;DEFA1,0.091664632,-0.039481481,NA
MGST2,0.091566086,0.01782163,NA
,0.089997609,-0.443508148,NA
SLX4,0.089923859,0.879311244,NA
RPL12,0.088980357,0.381487528,NA
ALKBH5,0.087252299,0.51603953,NA
RPL32,0.086918513,0.195854187,NA
RPL27,0.086131414,0.290814718,NA
EXOSC4,0.084843318,0.056239446,NA
CISD2,0.083471298,-0.195573171,NA
NUP188,0.080193837,0.14761289,NA
BCAR2;TRERF1,0.078830719,1.501056035,NA
ATF1,0.078621546,-0.063785553,NA
DCAF13,0.078292211,0.119013468,NA
RAB7A,0.078261058,0.195944468,NA
RHOA,0.075782776,-0.117387772,NA
RPS4X,0.073204676,0.120248795,NA
PHF8,0.072701136,0.340349197,NA
LAMP1,0.070929209,0.653525035,NA
THOC6,0.070854187,0.816304525,NA
RBM14,0.069386164,0.310190837,NA
GIPC1,0.066554387,0.66109848,NA
TOP2A,0.066234589,0.253670375,NA
LONP2,0.065748215,-0.568385442,NA
GAR1,0.063874563,0.151056925,NA
CELF1,0.063718796,1.322734833,NA
RAN,0.063323339,0.342827479,NA
DDX6,0.062627157,0.182711283,NA
SLC12A2,0.06044515,0.154867808,NA
FAM120A,0.059420904,0.173383713,NA
AP2M1,0.059412638,0.402083715,NA
SEH1L,0.059333165,0.414070765,NA
SMC1A,0.058119456,0.250998815,NA
INTS2,0.057043076,0.29970932,NA
SYNPO2,0.055485408,1.911324183,NA
HNRNPH2,0.053662618,0.284516017,NA
AP2A1,0.05311203,0.422385534,NA
SRP72,0.052946091,1.068461736,NA
LSR,0.052513123,-0.270755768,NA
TFRC,0.052454631,-0.00746727,NA
IGHA1,0.052029292,-0.25905482,NA
ZNF280D,0.051429749,0.01091512,NA
RPS3,0.047890345,0.207351685,NA
RPL7A,0.047369639,-0.027743657,NA
PARP1,0.04699707,0.542310079,NA
EPPK1,0.045885722,-0.03864797,NA
RCC1,0.043226242,0.463909149,NA
CDCA2,0.041655858,0.503573736,NA
INTS1,0.040798187,0.443190257,NA
ACTN4,0.039709727,0.497751236,NA
HSPA1B;HSPA1A,0.039489746,0.062849681,NA
FAM179B,0.038419724,0.757085164,NA
NCBP1,0.037764867,0.442190806,NA
RFC4,0.037125905,0.09106636,NA
DDX20,0.036724726,0.148087184,NA
RPL15,0.035874685,-0.116674423,NA
TAF5L,0.035818736,0.136528015,NA
CWF19L1,0.035647074,1.025604248,NA
ESYT1,0.03465716,-0.302473068,NA
CORO1B,0.032435099,-0.621189117,NA
IGKC,0.03181076,-0.818561554,NA
NUP205,0.031702042,0.136582057,NA
CCAR1,0.031260173,0.626127879,NA
ILF2,0.028692881,0.208416621,NA
ZNF250,0.028419495,0.471785863,NA
HSPA8,0.028018951,0.268003464,NA
PTPN1,0.027821223,0.29302152,NA
CDK5RAP3,0.026292801,0.313625336,NA
MBD2,0.025697708,0.26944987,NA
DDX3Y,0.025522232,-0.081031164,NA
DHX37,0.024783452,0.161069234,NA
SMU1,0.024395625,0.548270543,NA
ZNF687,0.023404439,-0.065921783,NA
HNRNPH3,0.020079295,0.505642573,NA
FAM98A,0.018190384,0.338942846,NA
RRAGB;RRAGA,0.015389125,-0.34317716,NA
SNRPF,0.015057882,0.082880656,NA
TM7SF2,0.011802673,-0.104120255,NA
EIF2S2,0.009690603,0.268477122,NA
LSG1,0.009517034,0.159566243,NA
ZMYND11,0.009396235,0.427899679,NA
DYNLL1;DYNLL2,0.008495331,0.124137878,NA
FUBP1,0.008171717,1.035076141,NA
RPL30,0.007993062,0.32061259,NA
RPP30,0.007919947,-0.130109787,NA
SCML2,0.007839839,0.427165985,NA
CFL1,0.00775528,0.29322052,NA
H2AFY,0.005746841,0.432263056,NA
PTBP1,0.004350026,0.346719742,NA
WDR18,0.003046672,0.342896779,NA
NUP85,0.002762477,-0.068943024,NA
RPL23,0.001853307,-0.100887934,NA
NUDT16L1,-0.001191457,0.395576477,NA
FXR2,-0.001497269,-0.222308477,NA
SMPD4,-0.001991272,0.13139979,NA
DCD,-0.003645579,-0.62774086,NA
CIRH1A,-0.00551796,-0.026158015,NA
CPSF6,-0.005718231,0.586625417,NA
EED,-0.006692251,0.508294423,NA
EIF6,-0.006999969,-0.041595459,NA
NUP160,-0.007171631,0.102893829,NA
RPS16,-0.00879097,0.084243139,NA
KLK13,-0.009548823,0.345579147,NA
PRPF38A,-0.010062536,-0.818829219,NA
CBX8,-0.011433283,0.469900767,NA
HNRNPUL2;HNRNPUL2-BSCL2,-0.012466431,-0.091511408,NA
SRSF9,-0.015117645,0.384703318,NA
DTNB;DTNA,-0.01632754,0.063464483,NA
RPL24,-0.017065048,-0.06848526,NA
RING1,-0.01845487,0.131771088,NA
WAPAL,-0.018967946,0.495759328,NA
DHX16,-0.020807902,0.445427577,NA
PSIP1,-0.021645228,0.521092733,NA
NUP107,-0.022890091,0.06139183,NA
ASH2L,-0.02296257,0.944108327,NA
HIST1H4A,-0.024122874,0.445826213,NA
KRTCAP2,-0.026564916,0.487342834,NA
GEMIN4,-0.027879715,0.054698308,NA
INTS5,-0.029132843,0.310772578,NA
MYO1C,-0.030076981,-0.591520945,NA
GNB1,-0.030790965,0.539193471,NA
RPL9,-0.03296725,0.051834742,NA
MBNL1;MBNL2;MBLL,-0.034372965,0.76222229,NA
YTHDF2,-0.035684586,-0.256697337,NA
AP2A2,-0.037700653,0.529935837,NA
RPL17;RPL17-C18orf32,-0.038276037,0.131472905,NA
AQR,-0.039176305,0.061079025,NA
PSAPL1,-0.039294561,-0.290365219,NA
RRP7A,-0.040344238,0.101877213,NA
RPS15A,-0.040360769,0.017260234,NA
GTF3C2,-0.040495555,-0.280066172,NA
MDN1,-0.041899363,-0.129144033,NA
MYO1D,-0.04466629,-0.036068598,NA
PSMA6,-0.045274099,0.315222422,NA
ATP1A1,-0.046706518,0.048212687,NA
IMPDH2,-0.047080358,0.09955279,NA
PRDX1,-0.047726949,0.317416509,NA
EHMT1,-0.048553467,0.285131454,NA
RCL1,-0.049742381,-0.017337799,NA
PPIB,-0.050001144,-1.33652242,NA
RPL35,-0.051624298,-0.102158864,NA
PLBD1,-0.051949819,0.058120728,NA
VNN2,-0.052398682,0.075740178,NA
PPIE,-0.0562102,0.5669384,NA
RAP1A;RAP1B,-0.056253433,-0.021952311,NA
DDX52,-0.056735992,0.221558253,NA
CIRBP,-0.056812922,0.678567886,NA
PWP2,-0.057040532,0.019882838,NA
STRAP,-0.057649612,0.180565516,NA
GEMIN5,-0.05852445,0.341093699,NA
HNRNPA0,-0.05962944,0.583845139,NA
WHSC1L1,-0.06172053,1.696594238,NA
EHMT2,-0.061976751,0.58654658,NA
CCDC47,-0.062868118,-0.00140063,NA
HNRNPK,-0.064155579,0.283994039,NA
DDX39A,-0.067520777,0.339658101,NA
CSDE1,-0.067564011,0.03936704,NA
KDM2A,-0.068143209,0.282278061,NA
HNRNPH1,-0.068334579,0.382089615,NA
INTS12,-0.068360011,0.42457962,NA
FUS,-0.069708506,0.091368993,NA
PCNP,-0.069889069,0.955128352,NA
PSMD2,-0.070537567,1.080188751,NA
CDYL,-0.070795695,1.009447734,NA
UTP6,-0.071022669,-0.141311646,NA
NUP93,-0.071371714,0.07551829,NA
UTP15,-0.072340647,0.054017385,NA
TLCD1,-0.07283783,-0.214488347,NA
KPNA3,-0.072870255,0.78914388,NA
SNRPE,-0.073409398,0.483474731,NA
FBL,-0.075209936,0.013128916,NA
TRAF4,-0.076335907,0.14238739,NA
CASK,-0.079130809,-0.311047872,NA
DDX31,-0.079206467,-0.587023417,NA
SRP14,-0.079727809,-0.242542903,NA
SNRPD1,-0.080375036,0.19699796,NA
LYZ,-0.080537796,-0.315408071,NA
GLG1,-0.081899643,0.106910706,NA
KPNA2,-0.084384282,0.242722193,NA
RPS27,-0.085347493,0.104630152,NA
GRN,-0.085419337,0.061882019,NA
STEAP2,-0.085789998,-0.328145345,NA
NUP133,-0.088010152,0.081749598,NA
HNRNPA2B1,-0.088038127,0.686936061,NA
WFS1,-0.088531494,-0.029285431,NA
HNRNPAB,-0.089170456,0.373614629,NA
HIC2,-0.090402603,0.166092555,NA
ATP6V1H,-0.091348012,-0.040298462,NA
SRSF3,-0.091749191,-0.023298899,NA
H2AFY2,-0.092638652,0.631175995,NA
RPL14,-0.09280777,-0.074023565,NA
U2AF1,-0.092874527,0.063276291,NA
PPIA,-0.092990875,0.289133708,NA
KLK3,-0.093909582,1.443814596,NA
SNRNP40,-0.095029195,0.378952662,NA
MCM5,-0.095226288,-0.221690496,NA
CSNK1E;CSNK1D,-0.09609731,1.212732315,NA
RBM22,-0.099072774,1.498160044,NA
RRP9,-0.099120458,0.367160797,NA
POLR2A,-0.099906286,0.276658376,NA
MYO5C,-0.099951426,0.123999914,NA
SLTM,-0.101768494,-0.280483246,NA
SDAD1,-0.10413297,-0.143925985,NA
EXOSC7,-0.104560852,-0.803026199,NA
XRN1,-0.104675929,0.011067073,NA
SART3,-0.105262121,1.40602684,NA
DDX17,-0.106038411,-0.121815999,NA
CHAF1B,-0.107012431,0.487677892,NA
SNTB2,-0.107402802,0.08491389,NA
INTS7,-0.108176549,0.811155319,NA
DDX47,-0.110152562,-0.137885412,NA
STRN3,-0.111353556,0.83499527,NA
TNPO1;TNPO2,-0.113339106,0.739491781,NA
PAK1IP1,-0.114116033,-0.161341349,NA
RBM42,-0.115631104,-0.075145721,NA
WDR3,-0.116824468,-0.063620885,NA
NXF1,-0.117035548,0.071168264,NA
BPIFA1,-0.118837992,-0.298762639,NA
PCF11,-0.119281133,1.155424754,NA
POLR2B,-0.119532267,0.236461639,NA
VAPA,-0.120600382,-0.249127706,NA
PRPF6,-0.120871862,0.010550181,NA
PFN1,-0.121814092,-0.130292257,NA
TMCO1,-0.122562408,-0.143245697,NA
NUP98,-0.124210358,-0.056830088,NA
ABCF2,-0.124570211,0.237709681,NA
SSRP1,-0.125082652,0.029919306,NA
LMNA,-0.125179291,-0.100059509,NA
ANAPC7,-0.125205358,0.707013448,NA
DHX9,-0.125254949,0.111859639,NA
TREX1,-0.125319163,-0.474653244,NA
RPL10A,-0.125342051,0.365244548,NA
DDX10,-0.125595093,-0.013851166,NA
EPHX1,-0.126833598,0.917798996,NA
UTP20,-0.127017975,-0.170534134,NA
PTBP3,-0.127309163,0.345978419,NA
POLR1A,-0.128516515,1.039648692,NA
RPS2,-0.128633499,0.044740677,NA
MYO5A,-0.128753662,-0.859596252,NA
GTF2F2,-0.12928772,0.911091487,NA
DDX39B,-0.129533768,0.318789164,NA
DIMT1,-0.129870733,-0.165180842,NA
HCFC1,-0.130037944,0.221686681,NA
ACTG1,-0.1307621,0.054823558,NA
SRRT,-0.132746379,0.273492177,NA
TOP2B,-0.13351504,0.228512446,NA
ELAVL1,-0.13420105,0.381591161,NA
HBA1;HBA2,-0.137182872,0.144306819,NA
SKIV2L2,-0.137243907,-0.044020971,NA
HNRNPD,-0.137329737,0.104104996,NA
CCNT1,-0.137914022,0.193775813,NA
PRPF8,-0.139090856,0.115462621,NA
HNRNPA3,-0.141344706,-0.03741773,NA
SNRNP200,-0.142244975,0.069344203,NA
GLYR1,-0.142896016,-0.056825002,NA
EIF3H,-0.142985662,0.107234319,NA
POLR1E,-0.143826167,-0.160983404,NA
SMARCA5,-0.14436086,-0.037745158,NA
G3BP2,-0.144381841,-0.160686493,NA
RPS3A,-0.145510356,-0.040848414,NA
NOC4L,-0.145581563,-0.137262344,NA
CBX3,-0.150079091,0.056627909,NA
RPL23A,-0.150908152,-0.115926107,NA
LBR,-0.15235583,0.538934072,NA
SUPT6H,-0.155874888,0.216278076,NA
SF3A2,-0.156723658,0.330219905,NA
HEATR1,-0.158577601,-0.173642476,NA
DHX15,-0.160209656,0.00356547,NA
FLOT1,-0.163403193,-0.247169495,NA
CDC73,-0.163503647,-0.120406469,NA
RRP8,-0.167664846,-0.017964681,NA
FUBP3,-0.167671839,0.350572586,NA
DDX5,-0.168039958,0.169404984,NA
NKRF,-0.168200175,-0.092411677,NA
SF3A3,-0.16904513,0.145551046,NA
ESRRA,-0.169993083,0.008041382,NA
RRP12,-0.170691172,-0.146225611,NA
HK1,-0.172117233,-0.120235443,NA
FABP5,-0.172850291,-0.603688558,NA
ATP6V1B2,-0.172966639,0.583815257,NA
DPP4,-0.174527486,-0.015134811,NA
TEX10,-0.175075531,-0.400817871,NA
PHF10,-0.175441106,1.431362152,NA
EMG1,-0.176680883,-0.121059418,NA
DDX23,-0.176706314,0.077170054,NA
BPTF,-0.176937739,-0.207972844,NA
CHAMP1,-0.1779658,0.165447871,NA
C19orf43,-0.178582509,0.037878036,NA
WDR36,-0.178976695,-0.109541575,NA
RPF1,-0.179707209,0.458712896,NA
ZNF326,-0.179819107,0.21635437,NA
XPO1,-0.181820552,0.142697652,NA
CP,-0.181842804,-0.512908936,NA
EFTUD2,-0.182120005,0.287654241,NA
ATP2B4,-0.184242884,0.028546651,NA
CBLL1,-0.185384115,0.18473498,NA
MPRIP,-0.185791651,-0.070939382,NA
DDX3X,-0.187075297,-0.087193171,NA
GNAS,-0.187690099,0.513804754,NA
DDX50,-0.188790639,0.136768977,NA
URB1,-0.189090093,-0.414095561,NA
RPL4,-0.18939654,-0.197336197,NA
NOL11,-0.189505895,-0.150313059,NA
RAD50,-0.194803238,0.477517446,NA
NOP56,-0.194819132,-0.021484375,NA
ZNF618,-0.195077896,0.187784195,NA
WDR75,-0.197401047,0.029507955,NA
KRR1,-0.197552363,0.229929606,NA
DSC1,-0.199427287,-0.421770732,NA
DDX56,-0.201043447,-0.346721649,NA
HNRNPDL,-0.201255798,0.366580327,NA
UTRN,-0.201524734,-0.087876638,NA
NIP7,-0.202098846,0.202456792,NA
MORC2,-0.202473323,-1.370945613,NA
WDR33,-0.202770869,-0.209311803,NA
H3F3B;H3F3A;HIST3H3;H3F3C,-0.205502828,0.007998784,NA
CEBPZ,-0.205556234,-0.281525294,NA
UTP18,-0.205665588,-0.146219254,NA
PABPC1;PABPC3,-0.20589447,0.266500473,NA
DDX21,-0.206439336,0.056664785,NA
XRN2,-0.207625071,0.030948639,NA
CASC5,-0.209786097,0.510402044,NA
CPSF1,-0.210453033,0.150517146,NA
IGLL5;IGLC1;IGLC6;IGLC7,-0.21092542,-0.592094421,NA
CPQ,-0.212420781,-0.493973414,NA
GTF3C1,-0.212696075,-0.240980784,NA
DDX49,-0.213036219,0.396303177,NA
S100A8,-0.216292063,0.389586131,NA
PKP3,-0.217231115,-0.079396566,NA
RPL6,-0.218353271,-0.151437759,NA
AP3D1,-0.218659719,0.083587011,NA
BRD8,-0.218771617,0.622301737,NA
ZNF451,-0.219084422,0.542108536,NA
CENPB,-0.21918424,0.024939219,NA
ARGLU1,-0.220661799,-0.626024882,NA
YES1;FYN,-0.221412023,-0.293029785,NA
TARDBP;TDP43,-0.221699397,0.153093974,NA
STUB1,-0.22184817,0.582572937,NA
GNAI3,-0.22442627,-0.03424263,NA
SUZ12,-0.228858948,0.202397029,NA
S100A9,-0.229095459,0.122605006,NA
FOXA2,-0.229853948,8.820299784,NA
RBM39,-0.230983734,0.056745529,NA
PABPN1,-0.2312603,0.241289139,NA
MCM7,-0.232861837,-0.292444229,NA
FLNB,-0.235481898,-0.16798083,NA
RAC1;RAC3;RAC2,-0.237246831,-0.05573082,NA
GTF3C3,-0.237493515,-0.002463023,NA
SF3B5,-0.237599691,0.630346934,NA
GDPD3,-0.238998413,-0.656140645,NA
PKP4,-0.240521749,-0.266054153,NA
SUN1,-0.241207759,-0.053752263,NA
ATAD2,-0.241903941,0.04049174,NA
ALOX12B,-0.241992315,-0.207592646,NA
KHDRBS1,-0.242733002,0.183139801,NA
GTF2H2;GTF2H2C,-0.242801666,-0.36869367,NA
MCM3,-0.24323082,-0.26652654,NA
CHD3,-0.243878047,-0.121498108,NA
MCM2,-0.244021734,-0.063213984,NA
SP3,-0.245159785,-0.482218424,NA
HNRNPU,-0.245311737,0.061032613,NA
DHX33,-0.245405197,0.261090597,NA
HSPB1,-0.246303558,-0.291212082,NA
CTR9,-0.246398926,-0.180767695,NA
HNRNPF,-0.247978846,0.095528285,NA
CTNND1,-0.251499176,-0.202585856,NA
BRD9,-0.252629598,1.141027451,NA
PES1,-0.253484726,-0.315558751,NA
DIEXF,-0.254013697,0.149740855,NA
TBL3,-0.254784266,-0.193827947,NA
TRIM23,-0.257881165,-0.032490412,NA
ASPH,-0.259424845,1.279541651,NA
OSBP,-0.260465622,-0.180496852,NA
RPF2,-0.260669072,0.011777242,NA
NONO,-0.261562347,0.255102158,NA
TGM1,-0.263565699,-0.248414358,NA
NPM3,-0.264001211,-0.324307124,NA
MCM6,-0.264081319,-0.233861287,NA
BAZ1B,-0.264784495,-0.212871552,NA
NOP58,-0.265826543,-0.092121124,NA
MATR3,-0.265915553,0.024134318,NA
RPS7,-0.266431173,-0.235743841,NA
FLOT2,-0.266901016,-0.425883611,NA
PCBP1,-0.267359416,0.018858592,NA
GTPBP4,-0.267466227,-0.344786326,NA
TPI1,-0.267502467,-0.618534724,NA
NOC2L,-0.267742157,-0.119660695,NA
PRPF4,-0.26823171,0.331318537,NA
PARN,-0.269706726,-0.086061478,NA
HIST2H3A,-0.269831975,-0.096362432,NA
PELP1,-0.274612427,-0.094110489,NA
UBTF,-0.275789261,-0.088487625,NA
RPS27A;UBC;UBB;UBA52,-0.276027679,-0.153301239,NA
TRMT1L,-0.276862462,-1.85520045,NA
PRKCG,-0.278207143,-0.193774541,NA
SNRNP70,-0.278574626,0.105688731,NA
FYTTD1,-0.282956441,-0.211625417,NA
RRBP1,-0.283916473,0.205984751,NA
ZC3HC1,-0.28481547,0.113389333,NA
RPS25,-0.284826914,-0.27819252,NA
KMT2A,-0.28690211,0.725563049,NA
GLRX,-0.288359324,-0.504903158,NA
SPRR2E;SPRR2F,-0.290454865,-0.33323288,NA
FAR1,-0.292787552,-0.805561066,NA
THOC2,-0.297056834,0.024853388,NA
GNB2;GNB4,-0.298650106,0.47048378,NA
RSL1D1,-0.299531937,-0.323261261,NA
SNRPN;SNRPB,-0.302459081,0.191883723,NA
ME1,-0.302894592,-0.420095444,NA
WDR43,-0.303542455,-0.232821782,NA
DEK,-0.303906759,-0.157021205,NA
DDX41,-0.304805756,-0.209114075,NA
SNRPD3,-0.305327733,0.107463837,NA
ARPC2,-0.305627823,-0.01089859,NA
ECM1,-0.30571874,-0.057044983,NA
DSP,-0.3062102,-0.454333623,NA
AHCY,-0.30668958,0.535319646,NA
CMSS1,-0.306968689,0.2264328,NA
PPIL4,-0.309147517,1.081125895,NA
HNRNPC;HNRNPCL1;HNRNPCL3;HNRNPCL4;HNRNPCL2,-0.309541702,0.069818497,NA
ANXA2;ANXA2P2,-0.311601639,-0.255834579,NA
RBM15,-0.312555949,0.008677165,NA
SRPR,-0.312655767,0.316336314,NA
CTNNA1,-0.315895081,-0.382576625,NA
DDX54,-0.316748301,-0.440900803,NA
PAF1,-0.317330043,-0.193202972,NA
GTF3C4,-0.321279526,1.025775274,NA
HSP90AA1,-0.322652817,0.455107371,NA
XAB2,-0.323972702,-0.177039464,NA
LDHA,-0.324515025,0.273455302,NA
SDR9C7,-0.324778239,-0.351776759,NA
PDCD11,-0.325756709,-0.415101369,NA
HSP90AB2P,-0.326520284,0.102879842,NA
CKAP4,-0.326692581,-0.772762299,NA
LUC7L3,-0.327644984,-0.096991221,NA
SERPINA12,-0.334564845,-0.215379079,NA
CAMK2G;CAMK2B,-0.336030324,0.370461782,NA
PIP,-0.339764913,-0.784025192,NA
HNRNPL,-0.341908137,-0.019575119,NA
RSF1,-0.34408315,0.189988454,NA
EPB41L5,-0.344280243,0.271599452,NA
SPTBN2,-0.345671336,-0.313503901,NA
KPRP,-0.346595128,-0.364606857,NA
NCCRP1,-0.347073237,-0.392971039,NA
ERCC3,-0.349413554,-0.587230682,NA
LMNB1,-0.349417369,0.058818181,NA
RPL7L1,-0.35101064,-0.472978592,NA
NOL10,-0.35184288,0.022146225,NA
CNFN,-0.353194555,0.565788905,NA
TAOK3;TAOK1,-0.353737513,0.559160868,NA
NHP2,-0.354752223,-0.098457972,NA
ATP9A,-0.354792913,-0.436038971,NA
PLRG1,-0.35521253,-0.067944845,NA
DHX38,-0.355408986,-0.089627584,NA
NSA2,-0.355621974,-0.538588206,NA
LOR,-0.356508255,-0.414365133,NA
SKIL,-0.357732137,0.636351903,NA
DDX46,-0.357983907,-0.131926219,NA
DKFZp686J1372;TPM3,-0.35881869,-0.60289828,NA
TGM3,-0.35956955,-0.55505689,NA
HEXB,-0.360136032,-0.176935196,NA
SYPL1,-0.3616937,-0.25702095,NA
LEO1,-0.363084157,-0.419529597,NA
SFPQ,-0.363489787,0.020523707,NA
FARP2,-0.364055634,-0.758283615,NA
C3orf17,-0.365004222,-0.27377065,NA
SERPINB12,-0.367205302,-0.477858861,NA
TOLLIP,-0.371481578,-0.492860158,NA
CCT2,-0.372204463,0.40648969,NA
ABCE1,-0.372332255,-0.411483129,NA
SERPINB3,-0.372394562,-0.848543167,NA
KIAA2013,-0.37401708,0.512390773,NA
DDX51,-0.375085831,-0.105563482,NA
ATP1B1,-0.375186284,-0.173583349,NA
CALML5,-0.375309626,-0.894837062,NA
ILF3,-0.376955032,-0.08795929,NA
BOP1,-0.378433863,-0.564024607,NA
MCM4,-0.379746755,-0.347309748,NA
UHRF1,-0.379778544,0.006524404,NA
SRSF5,-0.384616216,-0.017271042,NA
GGH,-0.385281245,-0.252580007,NA
CDSN,-0.385507584,-0.583740234,NA
WDR55,-0.389652252,-0.478940964,NA
POLR2H,-0.392865499,0.069864909,NA
EXOSC6,-0.393497467,-0.040786107,NA
TXN,-0.394837062,-0.544728597,NA
RPS5,-0.394920349,0.273235957,NA
TOP1,-0.398509979,-0.203224182,NA
EMD,-0.398642222,-0.292556763,NA
MYBBP1A,-0.401858012,-0.528173447,NA
SLC9A3R2,-0.401878357,-0.183275223,NA
HNRNPR,-0.402122498,-0.116104762,NA
ARG1,-0.404965083,-0.444270452,NA
ZNF280C,-0.408671061,2.152947744,NA
CHERP,-0.408976873,0.065830231,NA
RPS29,-0.410717646,0.03122584,NA
TOX4,-0.411516825,0.01631546,NA
U2AF2,-0.412408829,0.121919632,NA
CCAR2,-0.414480209,0.546616236,NA
REST,-0.41448466,0.091878255,NA
CSTA,-0.414498011,-0.74340121,NA
DKC1,-0.416175207,0.167950312,NA
RBM27,-0.416455587,0.37053744,NA
HIST1H2BN;HIST1H2BM;HIST1H2BH;HIST2H2BF;HIST1H2BC;HIST1H2BD;H2BFS;HIST1H2BK;HIST1H2BL,-0.416632334,0.084757487,NA
GGCT,-0.416770935,-0.783973058,NA
KIAA0020,-0.424732844,-0.281387329,NA
PRPF3,-0.425214767,-0.086319606,NA
TOE1,-0.425635656,0.048130035,NA
ANXA6,-0.427747091,0.009024938,NA
ZC3HAV1,-0.42814827,-0.343099594,NA
NOL9,-0.43056488,-0.227104823,NA
BRIX1,-0.431473414,-0.776462555,NA
SERPINB7,-0.431743622,-0.085416794,NA
PKM,-0.432177862,-0.13196818,NA
RUVBL1,-0.433505376,-0.143899282,NA
PKP1,-0.434108734,-0.417821884,NA
PPAN-P2RY11;PPAN,-0.435290019,-0.322652817,NA
LEMD2,-0.436014175,-0.085796992,NA
RFC1,-0.436196645,-0.219499588,NA
WDR46,-0.440961838,-0.360982259,NA
JUP,-0.445397059,-0.455222448,NA
SRSF6,-0.44567426,0.070384343,NA
SYNCRIP,-0.449445089,-0.247240067,NA
PLEC,-0.45190239,-0.321228027,NA
GSDMA,-0.453595479,-0.269036611,NA
CDCP1,-0.455090841,-0.208296458,NA
USP39,-0.456751506,-0.359596252,NA
FAM208A,-0.458403905,0.757726034,NA
CDK11B;CDK11A,-0.461141586,0.213019689,NA
ATP6V1A,-0.46142896,-0.365414302,NA
AZGP1,-0.462919235,-0.796145121,NA
RALY,-0.471556981,0.681711197,NA
SUB1,-0.472041448,-0.345542908,NA
KPNA6;KPNA5,-0.472931544,0.877287547,NA
EEF1E1;EEF1E1-BLOC1S5,-0.474034627,0.057513555,NA
SNRPA1,-0.474493663,-0.151727041,NA
XP32,-0.474866867,-0.356043498,NA
SRSF11,-0.47539266,-0.326269786,NA
CASP14,-0.479231517,-0.806398392,NA
FRG1,-0.47962443,-0.218996048,NA
SAP18,-0.480392456,0.268903732,NA
GNAI1,-0.48122406,0.83636411,NA
EXOSC9,-0.481241862,-0.375644684,NA
BYSL,-0.481585185,-0.44290479,NA
PHF14,-0.482233683,0.418870926,NA
UIMC1,-0.483009974,0.027329127,NA
MAK16,-0.483320236,-0.157968521,NA
TTF2,-0.483680089,-1.02189827,NA
RPLP1,-0.484445572,-0.139084498,NA
YEATS2,-0.486937205,0.800055186,NA
POF1B,-0.488185247,-0.486831665,NA
KIAA0825,-0.488393148,-0.249151866,NA
BCAS2,-0.48910141,-0.44117101,NA
DSG1,-0.490109762,-0.599805832,NA
POP1,-0.492008845,0.38923645,NA
NVL,-0.497044881,-0.05303065,NA
SNRPD2,-0.498749415,-0.026193619,NA
WDR12,-0.500317891,0.420241674,NA
ZFR,-0.505904516,-0.165737788,NA
DDX24,-0.507336934,-0.638722102,NA
GDI2,-0.509169261,-0.256377538,NA
KRT79,-0.509751002,0.648658752,NA
KIAA1033,-0.510010401,0.064453761,NA
HK2,-0.512064616,-0.657565435,NA
IGF2R,-0.513448079,-0.750258128,NA
DDX27,-0.515199661,-0.403685252,NA
DIDO1,-0.515937169,0.029482524,NA
IGHG1,-0.515985489,-0.768992106,NA
RBMX;RBMXL1,-0.517474492,-0.109711329,NA
GAPDH,-0.522256215,-0.299032211,NA
G6PC3,-0.522865295,0.690246582,NA
SRRM2,-0.525059382,-0.827904383,NA
LAS1L,-0.526110331,-0.464870453,NA
BAZ1A,-0.526327769,-0.23799324,NA
KPNB1,-0.528119405,-0.37528801,NA
EZR;MSN;RDX,-0.530534744,-0.10300382,NA
EXOSC3,-0.531223297,-0.288065592,NA
CCT5,-0.536093394,-0.577459971,NA
SLC16A1,-0.538946788,-0.551397959,NA
NOP14,-0.539710363,-0.307806651,NA
TMA16,-0.541046143,-0.516162872,NA
HDGFRP2,-0.544482549,-0.1691583,NA
MAP4,-0.544859568,-0.268585841,NA
CORO1C,-0.546070099,-0.315942128,NA
SF3B2,-0.547802607,-0.039518356,NA
NPM1,-0.54969279,-0.258879344,NA
PPP1CA,-0.550945918,0.062929789,NA
KARS,-0.553003311,1.214113871,NA
SENP3;SENP3-EIF4A1,-0.553080241,-0.457159678,NA
RBM12B,-0.553089142,0.83482488,NA
ERH,-0.553746541,-0.089935939,NA
HIST1H3A,-0.553959529,-0.329839071,NA
EXOSC10,-0.554004033,-0.374866486,NA
GNL3,-0.556413651,-0.568617503,NA
POLR1B,-0.56058375,-0.445652644,NA
GNL2,-0.561962128,-0.501314163,NA
ALOXE3,-0.563810984,-0.077899933,NA
SCGB1D2,-0.564097722,-1.034514109,NA
ALDOA,-0.564299266,-0.151119868,NA
PSMC2,-0.571150462,0.725441615,NA
IDH1,-0.572046916,-0.104681651,NA
SNW1,-0.573799133,0.311882019,NA
CALM2;CALM3;CALM1,-0.577967962,-1.508391062,NA
RNF219,-0.579062144,0.446058273,NA
ISG20L2,-0.581753413,-0.761271795,NA
,-0.582806269,-0.31978035,NA
BMS1,-0.585213343,-0.48478953,NA
NOP2,-0.587350845,-0.422885895,NA
STRBP,-0.588638941,-0.51600647,NA
DDX18,-0.589347204,-0.644711812,NA
SLC30A4,-0.594256719,-0.067825317,NA
RBM34,-0.59525617,-0.266377767,NA
SRSF7,-0.596873601,-0.31022644,NA
S100A14,-0.604935328,-0.229006449,NA
IST1,-0.605121613,0.08059756,NA
LMNB2,-0.605442047,0.284222921,NA
VAPB,-0.608633677,-0.633256276,NA
MARK2,-0.609443665,-1.065253576,NA
PSMA1,-0.611277898,-0.527820587,NA
MCM3AP,-0.61390241,-0.64378802,NA
S100A7,-0.617768606,-0.169680913,NA
MYH9,-0.619774501,-0.791991552,NA
GPKOW,-0.621707916,0.126559575,NA
TAF9B,-0.624542236,0.06936264,NA
ZMYND8,-0.624572118,-0.327899297,NA
CBX5,-0.631094615,-0.081973394,NA
SBSN,-0.631100337,-1.105242411,NA
LEMD3,-0.63289388,-0.463233948,NA
NOP9,-0.633609136,-1.046363831,NA
VCP,-0.634419759,-0.227989833,NA
TAF9,-0.634469986,-0.299404144,NA
PNP,-0.637212753,-0.710704803,NA
LRRC59,-0.642115275,-0.023920695,NA
LYAR,-0.646949132,-0.002969742,NA
EPB41,-0.647232056,-1.13733991,NA
U2SURP,-0.650472641,-0.29994901,NA
ADAR,-0.650827408,-0.600568771,NA
YLPM1,-0.653002421,-0.208838145,NA
RBM28,-0.655305862,-0.262863795,NA
TRA2B,-0.657705943,0.357779185,NA
BRCA1,-0.658472697,-0.043722153,NA
RBM10,-0.659011205,0.120962143,NA
YTHDC1,-0.659983317,-0.494922638,NA
LARP4,-0.66083018,0.326695124,NA
PSMB4,-0.661647797,-0.113078435,NA
RNASE7,-0.662585576,-0.796875,NA
KIAA1429,-0.669460297,0.115601858,NA
XRCC1,-0.673021952,0.701639175,NA
DDX42,-0.676586787,-0.21356074,NA
GM2A,-0.676764806,-0.39440155,NA
DSC3,-0.677394867,-0.573034922,NA
PSMA3,-0.68103981,-0.796562195,NA
NUMB,-0.683509827,-0.852046967,NA
FAU,-0.683798472,-0.999575933,NA
CST6,-0.689437866,-0.299112956,NA
MKI67,-0.704136531,-0.22726504,NA
RNF2,-0.706807454,0.75213623,NA
KIDINS220,-0.713818868,-0.582070669,NA
EIF3G,-0.71865654,0.106229146,NA
TUBA1C,-0.719921112,0.378737768,NA
SLC3A2,-0.721502304,-0.696720123,NA
GTF3C5,-0.721548716,-0.284511566,NA
NMD3,-0.722457886,0.223396937,NA
RPRD2,-0.723449071,-0.018654505,NA
PPIG,-0.723735174,-0.506676356,NA
CTSA,-0.726280848,-0.005193075,NA
LMAN1,-0.727251053,-1.549030304,NA
HNRNPA1;HNRNPA1L2,-0.727813721,0.022766113,NA
NOL6,-0.728480657,-0.643142064,NA
NCOA5,-0.731506348,-0.327131271,NA
YWHAB,-0.734972636,-0.988341014,NA
SARG,-0.741299311,-0.22905604,NA
PSMB1,-0.752916336,0.223842621,NA
ZCCHC8,-0.755079905,-0.386404673,NA
MYO18A,-0.761559804,-0.183606466,NA
VNN1,-0.762280782,-0.831432978,NA
PPP1CB,-0.769554138,-0.476145426,NA
BLMH,-0.781131744,-0.977793376,NA
SRP9;DKFZp564M2223,-0.78143692,-0.016106288,NA
PRPF4B,-0.781717936,-0.53094101,NA
PSMA4,-0.783172607,-0.276443481,NA
BTN1A1,-0.784025192,-0.263581594,NA
PUF60,-0.785147349,-0.500020345,NA
CD2BP2,-0.789494832,0.593300502,NA
ZC3H14,-0.790688833,-0.216088613,NA
PRPF40A,-0.797615687,-0.681956609,NA
CPA4,-0.803998311,-0.608919144,NA
KRT19,-0.806016922,-0.001749039,NA
PICALM,-0.806159973,-0.276566188,NA
TRIM28,-0.809691111,-0.051092784,NA
STEAP1,-0.81208992,-1.115944544,NA
RPLP2,-0.81482633,-0.978560766,NA
BANP,-0.81651624,0.884078979,NA
TRIP12,-0.818967183,-0.189833959,NA
ACTB,-0.823058446,-0.322376887,NA
PSMD14,-0.825884501,-0.433277766,NA
SCD,-0.829016368,-0.545969009,NA
CAPZB,-0.829460144,-0.433591843,NA
ATAD2B,-0.829485575,-0.814597448,NA
SF3A1,-0.829975128,-0.513477961,NA
CAPZA1,-0.840066274,-0.697067897,NA
CTSD,-0.840447108,-0.43309466,NA
DDX55,-0.841418584,-0.781453451,NA
EPB41L1,-0.84357516,-0.650467555,NA
CPSF2,-0.844053904,-0.920432409,NA
CHAF1A,-0.848062515,-0.01540184,NA
VPS72,-0.851690928,0.571629842,NA
STXBP2,-0.860330582,-0.134337107,NA
NOP16,-0.862254461,-0.419437408,NA
FTSJ3,-0.866900762,-1.063408534,NA
PSMC4,-0.868857066,1.510051727,NA
SF3B6,-0.873266856,-0.745397568,NA
PNO1,-0.875207901,-0.241701762,NA
SF3B1,-0.880139033,-0.729070028,NA
ZNF512,-0.881737391,-0.256249746,NA
CUL4A,-0.882434845,0.497765859,NA
MMTAG2,-0.891534805,-0.208776474,NA
USP54,-0.898463567,-0.574520111,NA
ATRX,-0.900777181,0.564328512,NA
CCT8,-0.902668635,-1.086939494,NA
NUP88,-0.903709412,-0.553609212,NA
POLDIP3,-0.907681147,-0.322380066,NA
KTN1,-0.919075648,-0.973153432,NA
CLINT1,-0.920549393,-0.70910581,NA
TP53BP1,-0.923751195,-0.671935399,NA
H2AFV;H2AFZ,-0.931671778,-0.029681524,NA
NOC3L,-0.93262291,-0.071044922,NA
TAF6,-0.932918549,-0.137160619,NA
EXOSC5,-0.936312993,0.060171763,NA
NAT10,-0.938305537,-0.791809082,NA
CASC4,-0.941775004,-0.135748545,NA
ORC5,-0.943564733,0.306285222,NA
NUP54,-0.945627848,-0.436182022,NA
RBM15B,-0.945767721,-0.170927684,NA
NOP10,-0.945995331,-0.637928645,NA
HAL,-0.948397319,-0.940484365,NA
G3BP1,-0.954609553,-0.794059118,NA
HP1BP3,-0.958946228,-0.176639557,NA
ADD3,-0.970296224,-0.429121653,NA
PSMA7;PSMA8,-0.971067429,-0.008913676,NA
HERC6,-0.971213023,-0.384389877,NA
INTS8,-0.972091039,0.027366002,NA
SUGP2,-0.986783981,-0.585577011,NA
CPSF4,-0.989361445,-0.449179967,NA
PGK1,-0.995737712,-1.08405749,NA
ZNF830,-1.004659653,-0.678199768,NA
SARNP,-1.019314448,-0.643119812,NA
RPS13,-1.020011902,-0.211811066,NA
OSTC,-1.020918528,0.129278183,NA
ASAH1,-1.021431605,-1.544733047,NA
KRT18,-1.029630661,-1.069378535,NA
MFAP1,-1.031375885,-0.666828791,NA
SPRR1B,-1.046577454,-0.09139061,NA
PPP1R10,-1.053129196,-0.32214419,NA
RRP1B,-1.055712382,-0.760523478,NA
HDLBP,-1.072956721,-1.181974411,NA
ACIN1,-1.086219152,-0.825890859,NA
PSMB5,-1.08858935,-0.256347656,NA
RUVBL2,-1.092662811,-0.632693609,NA
KIAA0196,-1.096436183,-0.4524587,NA
NUP35,-1.101958593,-0.291652044,NA
SCRIB,-1.12057368,-1.2131869,NA
RRAS2;RRAS,-1.133635203,0.202553431,NA
HIST1H2AA;H2AFX;H2AFJ,-1.136011759,-0.731327693,NA
STAU1,-1.136542002,-1.380276362,NA
HIST1H1C;HIST1H1E;HIST1H1D,-1.173409144,-0.493120829,NA
RAP2C;RAP2A;RAP2B,-1.177887599,0.819425583,NA
EIF4G2,-1.185259501,-0.38555336,NA
MDC1,-1.201456706,-0.998466492,NA
SERBP1,-1.207183838,-1.042224884,NA
SMC1B,-1.208636602,-0.199469884,NA
HIST2H2AC;HIST2H2AA3;HIST1H2AJ;HIST1H2AH;H2AFJ;HIST1H2AC;HIST3H2A;HIST1H2AD;HIST1H2AG;HIST1H2AB,-1.2104098,-1.049348195,NA
ANK3,-1.213580449,-1.079811096,NA
ZNF638,-1.22689565,-1.034500758,NA
WBP11,-1.235583623,-0.12647438,NA
UBE2I,-1.237255732,-0.808266958,NA
ARL6IP4,-1.238032023,-1.781066895,NA
SOAT1,-1.238194784,-0.204498927,NA
POM121C;POM121,-1.260025024,-1.061596553,NA
CCDC137,-1.272257487,-1.014232635,NA
TMED9,-1.272925059,-0.433609645,NA
EIF4G1,-1.274106979,-0.479306539,NA
UGT2B17;UGT2B15,-1.275426229,-0.495138168,NA
EEF1B2,-1.283013662,-1.155291875,NA
CDKN2AIP,-1.28473409,-0.927684784,NA
PNN,-1.287512461,-1.418447495,NA
DDRGK1,-1.288280487,-0.605327606,NA
RBM17,-1.308380127,-0.701755524,NA
PRC1,-1.314187368,-1.208975474,NA
ENO1,-1.32137235,-1.391426086,NA
COIL,-1.347607931,-1.143950144,NA
DNTTIP2,-1.366597493,-1.180475235,NA
C17orf85,-1.366750081,-0.925209045,NA
RANBP2,-1.386973699,-1.196055094,NA
CSNK1A1;CSNK1A1L,-1.399531682,-0.549397786,NA
FIP1L1,-1.401498159,0.061347326,NA
CREB3L4,-1.40779686,-1.753337224,NA
EDIL3,-1.409082413,0.597431819,NA
EEF1D,-1.4106884,-0.830650965,NA
ALYREF,-1.413247426,-0.385039647,NA
SCAF11,-1.419133504,-0.451138179,NA
ADD1,-1.427410126,-0.704216003,NA
NIFK,-1.448904673,-1.446668625,NA
LAMTOR1,-1.454104741,-2.646808624,NA
NUP50,-1.458605448,-1.154644648,NA
AHCTF1,-1.465273539,-1.232656479,NA
KPNA4,-1.465608597,-0.268903097,NA
A2ML1,-1.465684255,-0.002838135,NA
KRI1,-1.469224294,-1.333688736,NA
KRT6B,-1.485095978,0.265851974,NA
CDC5L,-1.488368352,-1.075585683,NA
RIF1,-1.49030304,-1.238693237,NA
NUP153,-1.496576945,-1.534166336,NA
PPP1CC,-1.515310287,-1.028465907,NA
EIF4G3,-1.522555033,-2.09579277,NA
RBM25,-1.522890091,-1.098616282,NA
IK,-1.525039037,-0.995442073,NA
CCDC55;NSRP1,-1.527053197,-0.336994171,NA
DBN1,-1.535442352,-1.222890218,NA
MEGF10,-1.538822174,-1.414487203,NA
NUFIP2,-1.541709264,-2.118371964,NA
PRRC2A,-1.541997274,-0.878161748,NA
EPB41L4B,-1.544898987,-0.560771942,NA
ZC3H11A,-1.549992879,-1.169600805,NA
RBBP6,-1.569314321,-0.434129715,NA
SART1,-1.595867157,-1.243892034,NA
CDR2L,-1.600638072,-1.194811503,NA
SCAF1,-1.611784617,-0.737255732,NA
MRE11A,-1.621570587,-0.477490743,NA
CDC42BPA,-1.648541768,-0.744852066,NA
FAH,-1.657370249,-1.601646423,NA
NCL,-1.662475586,-1.288903554,NA
ZNF318,-1.670974096,2.131450017,NA
UTP3,-1.687801997,-0.735603333,NA
CHMP4B,-1.737143199,-1.30551211,NA
SEC61G,-1.74141566,-0.083557765,NA
C12orf43,-1.742895126,-0.62270546,NA
LARP1,-1.760332108,-1.64209938,NA
TCERG1,-1.782536189,0.768732707,NA
EIF4B,-1.784421921,-1.492877324,NA
PHRF1,-1.785048167,-1.081502914,NA
BUD13,-1.807947795,-1.180984497,NA
SNAP23,-1.815879186,-1.470501582,NA
THRAP3,-1.863988876,-1.504894892,NA
NACA,-1.869896571,-1.000583649,NA
ARID4A,-1.87051328,-3.289182663,NA
ZC3H18,-1.870775223,-1.426503499,NA
KNOP1,-1.886451085,-1.548486074,NA
RRS1,-1.899695079,-1.368933996,NA
HIST2H3PS2,-1.906685511,0.777549108,NA
EDC4,-1.908915202,-3.09893926,NA
PRPF31,-1.912558238,0.223141352,NA
TPR,-1.932697932,-1.178121567,NA
GULP1,-1.939413706,0.293121338,NA
SCAMP1,-1.970901489,-1.597190221,NA
BCLAF1,-2.034383138,-2.032495499,NA
EBNA1BP2,-2.064926147,-1.753189723,NA
FAM208B,-2.073275884,-2.003856023,NA
LIMA1,-2.123694102,-1.4720637,NA
SLC4A7,-2.14967982,-1.228315989,NA
GPATCH4,-2.19876798,-1.711349487,NA
SAFB,-2.213394165,-1.583276749,NA
ACTA1;ACTC1;ACTG2;ACTA2,-2.220488866,-0.131258647,NA
NUP62,-2.317299525,-0.698403676,NA
SAFB2,-2.328720729,-1.623729706,NA
DSG2,-2.34650294,-2.429362615,NA
ESF1,-2.372594833,-1.256032944,NA
SLC15A2,-2.481238047,-2.491355896,NA
RANGAP1,-2.502689362,-2.11787351,NA
AHNAK,-2.559116364,-2.458866755,NA
NOLC1,-2.560319265,-2.81484286,NA
TAF5,-2.721839269,0.323760986,NA
ATP1A2,-2.737715403,-0.439531962,NA
TPPP3,-2.754453023,-2.0554142,NA
CD2AP,-2.755394618,-2.512365341,NA
SLC12A7,-2.781774521,-2.400953929,NA
PRKAR2A,-2.786348343,-2.520961126,NA
RAI14,-2.838094711,-3.026780446,NA
UTP14A,-2.865955353,-2.539393743,NA
LIMCH1,-2.966706594,-2.750034968,NA
SON,-3.006498973,-2.744241714,NA
NUP214,-3.096629461,-2.552164714,NA
TANC1,-3.183925629,-3.193651199,NA
DHX29,-3.317964554,-2.297145208,NA
TCOF1,-3.319422404,-1.560015361,NA
STIM1,-3.333934784,-2.996988297,NA
KIAA1671,-3.429220835,-4.395218531,NA
CTTN,-3.459086736,-2.747171402,NA
FNBP4,-3.533585866,-2.473822276,NA
MTDH,-3.664728165,-3.064021428,NA
FLNA,-3.681761424,-3.485836665,NA
KIAA0319L,-3.950967789,-4.965500514,NA
COBL,-4.058803558,-3.848935445,NA
KIAA1217,-4.086811066,-3.997175217,NA
INADL,-4.223571777,-5.041905721,NA
ERBB2IP,-4.271190643,-3.696232478,NA
GOLGA2,-4.395831426,-4.264465332,NA
STAU2,-4.478192012,-3.942166011,NA
UBAP2L,-4.582806905,-4.712797801,NA
NSFL1C,-4.646361033,-1.770128886,NA
SSFA2,-4.664596558,-5.798352559,NA
TJP1,-4.771717072,-4.692907333,NA
EVPL,-4.879246394,-4.464103699,NA
TJP2,-5.142201742,-3.939632416,NA
LAD1,-5.810722351,-4.261750539,NA
TNKS1BP1,-7.401446025,-8.737555822,NA
CGN,-9.013059616,-9.402896881,NA
